plain_password, hashed_password
password, $2a$10$aeG.8A9AWkFf7Pocf26ntebmEm/Ps1XgS4f39MOwPhhJB9JVdSVT2
password1, $2a$10$8iLKAfT/ChG659cxTMqqoO9G7AVhBuA44EoxljS.UwEgYckYsA7Qi
password2, $2a$10$W9eGzvxxzrQFi3ot4xOiBei5LHZo8b8pYBUmZGwOUsaPQSKdt4NRy
password3, $2a$10$kAs3SP2FFkQVpmmeP2ZRyeYdL8LT6.Pg67/N07kPPg8RTwbAN3Ovq
password4, $2a$10$5dvPjErUFDfgQzyWkNx1NesxWeplYFqbt/X3Cy3tuoxNKX6Qb4VOi
password5, $2a$10$mlpJ5p03GL1FWBpmyGYhrOwEloNrS0Mfsm3MIydA.TLvgB5rFlNd.
password6, $2a$10$UNqmPYdSNj.S9BKGqWGjQeiMkU3f8FTrMQ41/FTpuTvQxT6LaI.RO
password7, $2a$10$ZiP24r6o6quAafK9IsxNq.0SdUXSU.nrwLGf7HqiCH9pOTNNmQBGS
password8, $2a$10$n1tMfyV.zH4Lvg0E7w2JI.Z7mqSQLtdvV0dSSC0NxL1dvdOHfgFti
password9, $2a$10$INqPVTSSeVH29hcBTW3TNeiE7G7YfNg/ujvviqSpWxw6dFR8WcIl6
